,text,label
0,diaryofagameaddict.com,1
1,espdesign.com.au,1
2,iamagameaddict.com,1
3,kalantzis.net,1
4,slightlyoffcenter.net,1
5,toddscarwash.com,1
6,tubemoviez.com,1
7,ipl.hk,1
8,crackspider.us/toolbar/install.php?pack=exe,1
9,pos-kupang.com/,1
10,rupor.info,1
11,svision-online.de/mgfi/administrator/components/com_babackup/classes/fx29id1.txt,1
12,officeon.ch.ma/office.js?google_ad_format=728x90_as,1
13,sn-gzzx.com,1
14,sunlux.net/company/about.html,1
15,outporn.com,1
16,url,2
17,diaryofagameaddict.com,1
18,espdesign.com.au,1
19,iamagameaddict.com,1
20,kalantzis.net,1
21,slightlyoffcenter.net,1
22,toddscarwash.com,1
23,tubemoviez.com,1
24,ipl.hk,1
25,crackspider.us/toolbar/install.php?pack=exe,1
26,pos-kupang.com/,1
27,rupor.info,1
28,svision-online.de/mgfi/administrator/components/com_babackup/classes/fx29id1.txt,1
29,officeon.ch.ma/office.js?google_ad_format=728x90_as,1
30,sn-gzzx.com,1
31,sunlux.net/company/about.html,1
32,outporn.com,1
33,url,2
34,diaryofagameaddict.com,1
35,espdesign.com.au,1
36,iamagameaddict.com,1
37,kalantzis.net,1
38,slightlyoffcenter.net,1
39,toddscarwash.com,1
40,tubemoviez.com,1
41,ipl.hk,1
42,crackspider.us/toolbar/install.php?pack=exe,1
43,pos-kupang.com/,1
44,rupor.info,1
45,svision-online.de/mgfi/administrator/components/com_babackup/classes/fx29id1.txt,1
46,officeon.ch.ma/office.js?google_ad_format=728x90_as,1
47,sn-gzzx.com,1
48,sunlux.net/company/about.html,1
49,outporn.com,1
50,url,2
51,diaryofagameaddict.com,1
52,espdesign.com.au,1
53,iamagameaddict.com,1
54,kalantzis.net,1
55,slightlyoffcenter.net,1
56,toddscarwash.com,1
57,tubemoviez.com,1
58,ipl.hk,1
59,crackspider.us/toolbar/install.php?pack=exe,1
60,pos-kupang.com/,1
61,rupor.info,1
62,svision-online.de/mgfi/administrator/components/com_babackup/classes/fx29id1.txt,1
63,officeon.ch.ma/office.js?google_ad_format=728x90_as,1
64,sn-gzzx.com,1
65,sunlux.net/company/about.html,1
66,outporn.com,1
67,url,2
68,diaryofagameaddict.com,1
69,espdesign.com.au,1
70,iamagameaddict.com,1
71,kalantzis.net,1
72,slightlyoffcenter.net,1
73,toddscarwash.com,1
74,tubemoviez.com,1
75,ipl.hk,1
76,crackspider.us/toolbar/install.php?pack=exe,1
77,pos-kupang.com/,1
78,rupor.info,1
79,svision-online.de/mgfi/administrator/components/com_babackup/classes/fx29id1.txt,1
80,officeon.ch.ma/office.js?google_ad_format=728x90_as,1
81,sn-gzzx.com,1
82,sunlux.net/company/about.html,1
83,outporn.com,1
84,url,2
85,diaryofagameaddict.com,1
86,espdesign.com.au,1
87,iamagameaddict.com,1
88,kalantzis.net,1
89,slightlyoffcenter.net,1
90,toddscarwash.com,1
91,tubemoviez.com,1
92,ipl.hk,1
93,crackspider.us/toolbar/install.php?pack=exe,1
94,pos-kupang.com/,1
95,rupor.info,1
96,svision-online.de/mgfi/administrator/components/com_babackup/classes/fx29id1.txt,1
97,officeon.ch.ma/office.js?google_ad_format=728x90_as,1
98,sn-gzzx.com,1
99,sunlux.net/company/about.html,1
100,outporn.com,1
101,url,2
102,diaryofagameaddict.com,1
103,espdesign.com.au,1
104,iamagameaddict.com,1
105,kalantzis.net,1
106,slightlyoffcenter.net,1
107,toddscarwash.com,1
108,tubemoviez.com,1
109,ipl.hk,1
110,crackspider.us/toolbar/install.php?pack=exe,1
111,pos-kupang.com/,1
112,rupor.info,1
113,svision-online.de/mgfi/administrator/components/com_babackup/classes/fx29id1.txt,1
114,officeon.ch.ma/office.js?google_ad_format=728x90_as,1
115,sn-gzzx.com,1
116,sunlux.net/company/about.html,1
117,outporn.com,1
118,url,2
119,diaryofagameaddict.com,1
120,espdesign.com.au,1
121,iamagameaddict.com,1
122,kalantzis.net,1
123,slightlyoffcenter.net,1
124,toddscarwash.com,1
125,tubemoviez.com,1
126,ipl.hk,1
127,crackspider.us/toolbar/install.php?pack=exe,1
128,pos-kupang.com/,1
129,rupor.info,1
130,svision-online.de/mgfi/administrator/components/com_babackup/classes/fx29id1.txt,1
131,officeon.ch.ma/office.js?google_ad_format=728x90_as,1
132,sn-gzzx.com,1
133,sunlux.net/company/about.html,1
134,outporn.com,1
135,url,2
136,diaryofagameaddict.com,1
137,espdesign.com.au,1
138,iamagameaddict.com,1
139,kalantzis.net,1
140,slightlyoffcenter.net,1
141,toddscarwash.com,1
142,tubemoviez.com,1
143,ipl.hk,1
144,crackspider.us/toolbar/install.php?pack=exe,1
145,pos-kupang.com/,1
146,rupor.info,1
147,svision-online.de/mgfi/administrator/components/com_babackup/classes/fx29id1.txt,1
148,officeon.ch.ma/office.js?google_ad_format=728x90_as,1
149,sn-gzzx.com,1
150,sunlux.net/company/about.html,1
151,outporn.com,1
152,url,2
153,diaryofagameaddict.com,1
154,espdesign.com.au,1
155,iamagameaddict.com,1
156,kalantzis.net,1
157,slightlyoffcenter.net,1
158,toddscarwash.com,1
159,tubemoviez.com,1
160,ipl.hk,1
161,crackspider.us/toolbar/install.php?pack=exe,1
162,pos-kupang.com/,1
163,rupor.info,1
164,svision-online.de/mgfi/administrator/components/com_babackup/classes/fx29id1.txt,1
165,officeon.ch.ma/office.js?google_ad_format=728x90_as,1
166,sn-gzzx.com,1
167,sunlux.net/company/about.html,1
168,outporn.com,1
169,url,2
170,diaryofagameaddict.com,1
171,espdesign.com.au,1
172,iamagameaddict.com,1
173,kalantzis.net,1
174,slightlyoffcenter.net,1
175,toddscarwash.com,1
176,tubemoviez.com,1
177,ipl.hk,1
178,crackspider.us/toolbar/install.php?pack=exe,1
179,pos-kupang.com/,1
180,rupor.info,1
181,svision-online.de/mgfi/administrator/components/com_babackup/classes/fx29id1.txt,1
182,officeon.ch.ma/office.js?google_ad_format=728x90_as,1
183,sn-gzzx.com,1
184,sunlux.net/company/about.html,1
185,outporn.com,1
186,url,2
187,diaryofagameaddict.com,1
188,espdesign.com.au,1
189,iamagameaddict.com,1
190,kalantzis.net,1
191,slightlyoffcenter.net,1
192,toddscarwash.com,1
193,tubemoviez.com,1
194,ipl.hk,1
195,crackspider.us/toolbar/install.php?pack=exe,1
196,pos-kupang.com/,1
197,rupor.info,1
198,svision-online.de/mgfi/administrator/components/com_babackup/classes/fx29id1.txt,1
199,officeon.ch.ma/office.js?google_ad_format=728x90_as,1
200,sn-gzzx.com,1
201,sunlux.net/company/about.html,1
202,outporn.com,1
203,url,2
204,diaryofagameaddict.com,1
205,espdesign.com.au,1
206,iamagameaddict.com,1
207,kalantzis.net,1
208,slightlyoffcenter.net,1
209,toddscarwash.com,1
210,tubemoviez.com,1
211,ipl.hk,1
212,crackspider.us/toolbar/install.php?pack=exe,1
213,pos-kupang.com/,1
214,rupor.info,1
215,svision-online.de/mgfi/administrator/components/com_babackup/classes/fx29id1.txt,1
216,officeon.ch.ma/office.js?google_ad_format=728x90_as,1
217,sn-gzzx.com,1
218,sunlux.net/company/about.html,1
219,outporn.com,1
220,url,2
221,diaryofagameaddict.com,1
222,espdesign.com.au,1
223,iamagameaddict.com,1
224,kalantzis.net,1
225,slightlyoffcenter.net,1
226,toddscarwash.com,1
227,tubemoviez.com,1
228,ipl.hk,1
229,crackspider.us/toolbar/install.php?pack=exe,1
230,pos-kupang.com/,1
231,rupor.info,1
232,svision-online.de/mgfi/administrator/components/com_babackup/classes/fx29id1.txt,1
233,officeon.ch.ma/office.js?google_ad_format=728x90_as,1
234,sn-gzzx.com,1
235,sunlux.net/company/about.html,1
236,outporn.com,1
237,url,2
238,diaryofagameaddict.com,1
239,espdesign.com.au,1
240,iamagameaddict.com,1
241,kalantzis.net,1
242,slightlyoffcenter.net,1
243,toddscarwash.com,1
244,tubemoviez.com,1
245,ipl.hk,1
246,crackspider.us/toolbar/install.php?pack=exe,1
247,pos-kupang.com/,1
248,rupor.info,1
249,svision-online.de/mgfi/administrator/components/com_babackup/classes/fx29id1.txt,1
250,officeon.ch.ma/office.js?google_ad_format=728x90_as,1
251,sn-gzzx.com,1
252,sunlux.net/company/about.html,1
253,outporn.com,1
254,url,2
255,diaryofagameaddict.com,1
256,espdesign.com.au,1
257,iamagameaddict.com,1
258,kalantzis.net,1
259,slightlyoffcenter.net,1
260,toddscarwash.com,1
261,tubemoviez.com,1
262,ipl.hk,1
263,crackspider.us/toolbar/install.php?pack=exe,1
264,pos-kupang.com/,1
265,rupor.info,1
266,svision-online.de/mgfi/administrator/components/com_babackup/classes/fx29id1.txt,1
267,officeon.ch.ma/office.js?google_ad_format=728x90_as,1
268,sn-gzzx.com,1
269,sunlux.net/company/about.html,1
270,outporn.com,1
271,url,2
272,diaryofagameaddict.com,1
273,espdesign.com.au,1
274,iamagameaddict.com,1
275,kalantzis.net,1
276,slightlyoffcenter.net,1
277,toddscarwash.com,1
278,tubemoviez.com,1
279,ipl.hk,1
280,crackspider.us/toolbar/install.php?pack=exe,1
281,pos-kupang.com/,1
282,rupor.info,1
283,svision-online.de/mgfi/administrator/components/com_babackup/classes/fx29id1.txt,1
284,officeon.ch.ma/office.js?google_ad_format=728x90_as,1
285,sn-gzzx.com,1
286,sunlux.net/company/about.html,1
287,outporn.com,1
288,url,2
289,diaryofagameaddict.com,1
290,espdesign.com.au,1
291,iamagameaddict.com,1
292,kalantzis.net,1
293,slightlyoffcenter.net,1
294,toddscarwash.com,1
295,tubemoviez.com,1
296,ipl.hk,1
297,crackspider.us/toolbar/install.php?pack=exe,1
298,pos-kupang.com/,1
299,rupor.info,1
300,svision-online.de/mgfi/administrator/components/com_babackup/classes/fx29id1.txt,1
301,officeon.ch.ma/office.js?google_ad_format=728x90_as,1
302,sn-gzzx.com,1
303,sunlux.net/company/about.html,1
304,outporn.com,1
305,url,2
306,diaryofagameaddict.com,1
307,espdesign.com.au,1
308,iamagameaddict.com,1
309,kalantzis.net,1
310,slightlyoffcenter.net,1
311,toddscarwash.com,1
312,tubemoviez.com,1
313,ipl.hk,1
314,crackspider.us/toolbar/install.php?pack=exe,1
315,pos-kupang.com/,1
316,rupor.info,1
317,svision-online.de/mgfi/administrator/components/com_babackup/classes/fx29id1.txt,1
318,officeon.ch.ma/office.js?google_ad_format=728x90_as,1
319,sn-gzzx.com,1
320,sunlux.net/company/about.html,1
321,outporn.com,1
322,url,2
323,diaryofagameaddict.com,1
324,espdesign.com.au,1
325,iamagameaddict.com,1
326,kalantzis.net,1
327,slightlyoffcenter.net,1
328,toddscarwash.com,1
329,tubemoviez.com,1
330,ipl.hk,1
331,crackspider.us/toolbar/install.php?pack=exe,1
332,pos-kupang.com/,1
333,rupor.info,1
334,svision-online.de/mgfi/administrator/components/com_babackup/classes/fx29id1.txt,1
335,officeon.ch.ma/office.js?google_ad_format=728x90_as,1
336,sn-gzzx.com,1
337,sunlux.net/company/about.html,1
338,outporn.com,1
339,url,2
340,diaryofagameaddict.com,1
341,espdesign.com.au,1
342,iamagameaddict.com,1
343,kalantzis.net,1
344,slightlyoffcenter.net,1
345,toddscarwash.com,1
346,tubemoviez.com,1
347,ipl.hk,1
348,crackspider.us/toolbar/install.php?pack=exe,1
349,pos-kupang.com/,1
350,rupor.info,1
351,svision-online.de/mgfi/administrator/components/com_babackup/classes/fx29id1.txt,1
352,officeon.ch.ma/office.js?google_ad_format=728x90_as,1
353,sn-gzzx.com,1
354,sunlux.net/company/about.html,1
355,outporn.com,1
356,url,2
357,diaryofagameaddict.com,1
358,espdesign.com.au,1
359,iamagameaddict.com,1
360,kalantzis.net,1
361,slightlyoffcenter.net,1
362,toddscarwash.com,1
363,tubemoviez.com,1
364,ipl.hk,1
365,crackspider.us/toolbar/install.php?pack=exe,1
366,pos-kupang.com/,1
367,rupor.info,1
368,svision-online.de/mgfi/administrator/components/com_babackup/classes/fx29id1.txt,1
369,officeon.ch.ma/office.js?google_ad_format=728x90_as,1
370,sn-gzzx.com,1
371,sunlux.net/company/about.html,1
372,outporn.com,1
373,url,2
374,diaryofagameaddict.com,1
375,espdesign.com.au,1
376,iamagameaddict.com,1
377,kalantzis.net,1
378,slightlyoffcenter.net,1
379,toddscarwash.com,1
380,tubemoviez.com,1
381,ipl.hk,1
382,crackspider.us/toolbar/install.php?pack=exe,1
383,pos-kupang.com/,1
384,rupor.info,1
385,svision-online.de/mgfi/administrator/components/com_babackup/classes/fx29id1.txt,1
386,officeon.ch.ma/office.js?google_ad_format=728x90_as,1
387,sn-gzzx.com,1
388,sunlux.net/company/about.html,1
389,outporn.com,1
390,url,2
391,diaryofagameaddict.com,1
392,espdesign.com.au,1
393,iamagameaddict.com,1
394,kalantzis.net,1
395,slightlyoffcenter.net,1
396,toddscarwash.com,1
397,tubemoviez.com,1
398,ipl.hk,1
399,crackspider.us/toolbar/install.php?pack=exe,1
400,pos-kupang.com/,1
401,rupor.info,1
402,svision-online.de/mgfi/administrator/components/com_babackup/classes/fx29id1.txt,1
403,officeon.ch.ma/office.js?google_ad_format=728x90_as,1
404,sn-gzzx.com,1
405,sunlux.net/company/about.html,1
406,outporn.com,1
407,url,2
408,diaryofagameaddict.com,1
409,espdesign.com.au,1
410,iamagameaddict.com,1
411,kalantzis.net,1
412,slightlyoffcenter.net,1
413,toddscarwash.com,1
414,tubemoviez.com,1
415,ipl.hk,1
416,crackspider.us/toolbar/install.php?pack=exe,1
417,pos-kupang.com/,1
418,rupor.info,1
419,svision-online.de/mgfi/administrator/components/com_babackup/classes/fx29id1.txt,1
420,officeon.ch.ma/office.js?google_ad_format=728x90_as,1
421,sn-gzzx.com,1
422,sunlux.net/company/about.html,1
423,outporn.com,1
424,url,2
425,diaryofagameaddict.com,1
426,espdesign.com.au,1
427,iamagameaddict.com,1
428,kalantzis.net,1
429,slightlyoffcenter.net,1
430,toddscarwash.com,1
431,tubemoviez.com,1
432,ipl.hk,1
433,crackspider.us/toolbar/install.php?pack=exe,1
434,pos-kupang.com/,1
435,rupor.info,1
436,svision-online.de/mgfi/administrator/components/com_babackup/classes/fx29id1.txt,1
437,officeon.ch.ma/office.js?google_ad_format=728x90_as,1
438,sn-gzzx.com,1
439,sunlux.net/company/about.html,1
440,outporn.com,1
441,url,2
442,diaryofagameaddict.com,1
443,espdesign.com.au,1
444,iamagameaddict.com,1
445,kalantzis.net,1
446,slightlyoffcenter.net,1
447,toddscarwash.com,1
448,tubemoviez.com,1
449,ipl.hk,1
450,crackspider.us/toolbar/install.php?pack=exe,1
451,pos-kupang.com/,1
452,rupor.info,1
453,svision-online.de/mgfi/administrator/components/com_babackup/classes/fx29id1.txt,1
454,officeon.ch.ma/office.js?google_ad_format=728x90_as,1
455,sn-gzzx.com,1
456,sunlux.net/company/about.html,1
457,outporn.com,1
458,url,2
459,diaryofagameaddict.com,1
460,espdesign.com.au,1
461,iamagameaddict.com,1
462,kalantzis.net,1
463,slightlyoffcenter.net,1
464,toddscarwash.com,1
465,tubemoviez.com,1
466,ipl.hk,1
467,crackspider.us/toolbar/install.php?pack=exe,1
468,pos-kupang.com/,1
469,rupor.info,1
470,svision-online.de/mgfi/administrator/components/com_babackup/classes/fx29id1.txt,1
471,officeon.ch.ma/office.js?google_ad_format=728x90_as,1
472,sn-gzzx.com,1
473,sunlux.net/company/about.html,1
474,outporn.com,1
475,url,2
476,diaryofagameaddict.com,1
477,espdesign.com.au,1
478,iamagameaddict.com,1
479,kalantzis.net,1
480,slightlyoffcenter.net,1
481,toddscarwash.com,1
482,tubemoviez.com,1
483,ipl.hk,1
484,crackspider.us/toolbar/install.php?pack=exe,1
485,pos-kupang.com/,1
486,rupor.info,1
487,svision-online.de/mgfi/administrator/components/com_babackup/classes/fx29id1.txt,1
488,officeon.ch.ma/office.js?google_ad_format=728x90_as,1
489,sn-gzzx.com,1
490,sunlux.net/company/about.html,1
491,outporn.com,1
492,url,2
493,diaryofagameaddict.com,1
494,espdesign.com.au,1
495,iamagameaddict.com,1
496,kalantzis.net,1
497,slightlyoffcenter.net,1
498,toddscarwash.com,1
499,tubemoviez.com,1
500,ipl.hk,1
501,crackspider.us/toolbar/install.php?pack=exe,1
502,pos-kupang.com/,1
503,rupor.info,1
504,svision-online.de/mgfi/administrator/components/com_babackup/classes/fx29id1.txt,1
505,officeon.ch.ma/office.js?google_ad_format=728x90_as,1
506,sn-gzzx.com,1
507,en.wikipedia.org/wiki/Brickfilm,0
508,en.wikipedia.org/wiki/BrightSource_Energy,0
509,en.wikipedia.org/wiki/Bright_Antenna,0
510,en.wikipedia.org/wiki/Brighton,0
511,en.wikipedia.org/wiki/Brighton_Bar,0
512,en.wikipedia.org/wiki/Brigitte_Bako,0
513,en.wikipedia.org/wiki/British_Columbia,0
514,en.wikipedia.org/wiki/British_Royal_Family,0
515,en.wikipedia.org/wiki/British_films_of_1953,0
516,en.wikipedia.org/wiki/British_films_of_1996,0
517,en.wikipedia.org/wiki/British_monarchy,0
518,en.wikipedia.org/wiki/British_rhythm_and_blues,0
519,en.wikipedia.org/wiki/Britt_Boyse,0
520,en.wikipedia.org/wiki/Britten-Norman_Trislander,0
521,en.wikipedia.org/wiki/Broadway_Bridge,0
522,en.wikipedia.org/wiki/Broadway_Bridge_(Kansas_City),0
523,en.wikipedia.org/wiki/Brock_Davis,0
524,en.wikipedia.org/wiki/Brock_Peters,0
525,en.wikipedia.org/wiki/Brokeback_Mountain_(short_story),0
526,en.wikipedia.org/wiki/Brokeback_mountain,0
527,en.wikipedia.org/wiki/Broken_Arrows,0
528,en.wikipedia.org/wiki/Broken_Bells,0
529,en.wikipedia.org/wiki/Broken_Bells_(album),0
530,en.wikipedia.org/wiki/Broken_Flowers,0
531,en.wikipedia.org/wiki/Bromley,0
532,en.wikipedia.org/wiki/Bromley_FC,0
533,en.wikipedia.org/wiki/Bronfman_family,0
534,en.wikipedia.org/wiki/Bronis%C5%82aw,0
535,en.wikipedia.org/wiki/Bronis%C5%82aw_Kaper,0
536,en.wikipedia.org/wiki/Brooklyn,0
537,en.wikipedia.org/wiki/Brooklyn_Bridge,0
538,en.wikipedia.org/wiki/Brother_Down,0
539,en.wikipedia.org/wiki/Brother_Down_(song),0
540,en.wikipedia.org/wiki/Brother_to_Brother_(Gino_Vannelli_album),0
541,en.wikipedia.org/wiki/Brotherhood_of_the_Wolf,0
542,en.wikipedia.org/wiki/Brotherhood_of_the_Wolf_(novel),0
543,en.wikipedia.org/wiki/Brownie_McGhee,0
544,en.wikipedia.org/wiki/Brubeck_Plays_Brubeck,0
545,en.wikipedia.org/wiki/Bruce_Armstrong,0
546,en.wikipedia.org/wiki/Bruce_Bannon,0
547,en.wikipedia.org/wiki/Bruce_Bochy,0
548,en.wikipedia.org/wiki/Bruce_Coslet,0
549,en.wikipedia.org/wiki/Bruce_Gary,0
550,en.wikipedia.org/wiki/Bruce_Haynes,0
551,en.wikipedia.org/wiki/Bruce_Lee:_Return_of_the_Legend,0
552,en.wikipedia.org/wiki/Bruce_Pickens,0
553,en.wikipedia.org/wiki/Bruce_Ramsay,0
554,en.wikipedia.org/wiki/Bruce_Reed,0
555,en.wikipedia.org/wiki/Bruce_Reitherman,0
556,en.wikipedia.org/wiki/Bruce_Springsteen,0
557,en.wikipedia.org/wiki/Bruce_Springsteen_discography,0
558,en.wikipedia.org/wiki/Bruce_Von_Hoff,0
559,en.wikipedia.org/wiki/Bruges,0
560,en.wikipedia.org/wiki/Brunner,0
561,en.wikipedia.org/wiki/Bruno_Albert_Forsterer,0
562,en.wikipedia.org/wiki/Bruno_St._Jacques,0
563,en.wikipedia.org/wiki/Bruno_Walter,0
564,en.wikipedia.org/wiki/Bryan_Fogarty,0
565,en.wikipedia.org/wiki/Bubbles_Hargrave,0
566,en.wikipedia.org/wiki/Bud_Abell,0
567,en.wikipedia.org/wiki/Bud_Anderson,0
568,en.wikipedia.org/wiki/Bud_Anderson_(baseball),0
569,en.wikipedia.org/wiki/Bud_Bloomfield,0
570,en.wikipedia.org/wiki/Bud_Collins,0
571,en.wikipedia.org/wiki/Budd_Lynch,0
572,en.wikipedia.org/wiki/Buddies_(TV_series),0
573,en.wikipedia.org/wiki/Buddy_O%27Connor,0
574,en.wikipedia.org/wiki/Buddy_Rogers_(wrestler),0
575,en.wikipedia.org/wiki/Budge,0
576,en.wikipedia.org/wiki/Buffalo_Norsemen,0
577,en.wikipedia.org/wiki/Buffalo_Sabres,0
578,en.wikipedia.org/wiki/Bullet_(film),0
579,en.wikipedia.org/wiki/Bullet_Rogan,0
580,en.wikipedia.org/wiki/Bulletstorm,0
581,en.wikipedia.org/wiki/Bully_Beatdown,0
582,en.wikipedia.org/wiki/Bully_Records,0
583,en.wikipedia.org/wiki/Bunim/Murray_Productions,0
584,en.wikipedia.org/wiki/Burbank_Bus,0
585,en.wikipedia.org/wiki/Burbank_City_Hall,0
586,en.wikipedia.org/wiki/Burbank_High_School_(California),0
587,en.wikipedia.org/wiki/Burgundy_wine,0
588,en.wikipedia.org/wiki/Burn_After_Reading,0
589,en.wikipedia.org/wiki/Burt_Bacharach,0
590,en.wikipedia.org/wiki/Bus,0
591,en.wikipedia.org/wiki/Bus_manufacturing,0
592,en.wikipedia.org/wiki/Bush_tax_cuts,0
593,en.wikipedia.org/wiki/Business_model,0
594,en.wikipedia.org/wiki/Buster_Crabbe,0
595,en.wikipedia.org/wiki/Buswell_(surname),0
596,en.wikipedia.org/wiki/Butch_Bouchard,0
597,en.wikipedia.org/wiki/Butch_Reed,0
598,en.wikipedia.org/wiki/Butcher,0
599,en.wikipedia.org/wiki/Buy_Nothing_Day,0
600,en.wikipedia.org/wiki/Buzzard,0
601,en.wikipedia.org/wiki/Bybee_memo,0
602,en.wikipedia.org/wiki/Byron_Dafoe,0
603,en.wikipedia.org/wiki/C%C3%A9gep_Andr%C3%A9-Laurendeau,0
604,en.wikipedia.org/wiki/C%C3%A9gep_de_Saint-Jean-sur-Richelieu,0
605,en.wikipedia.org/wiki/C%C3%A9gep_de_Saint-Laurent,0
606,en.wikipedia.org/wiki/C%C3%B4te-Saint-Paul,0
607,en.wikipedia.org/wiki/C%C3%B4te-Sainte-Catherine_(Montreal_Metro),0
608,en.wikipedia.org/wiki/C%C3%B4te-Vertu_(Montreal_Metro),0
609,en.wikipedia.org/wiki/C%C3%B4te-des-Neiges,0
610,en.wikipedia.org/wiki/C%C3%B4te-des-Neiges%E2%80%93Notre-Dame-de-Gr%C3%A2ce,0
611,en.wikipedia.org/wiki/C%C3%B4te-des-Neiges_(Montreal_Metro),0
612,en.wikipedia.org/wiki/C%C3%B4te-des-Neiges_Road,0
613,en.wikipedia.org/wiki/C%C5%93ur_de_pirate,0
614,en.wikipedia.org/wiki/C%C5%93ur_de_pirate_(album),0
615,en.wikipedia.org/wiki/C.D._Howe_Institute,0
616,en.wikipedia.org/wiki/C._D._Howe,0
617,en.wikipedia.org/wiki/C._L._Dellums,0
618,en.wikipedia.org/wiki/CAE_Inc,0
619,en.wikipedia.org/wiki/CAW_National_Council_4000,0
620,en.wikipedia.org/wiki/CBF-FM,0
621,en.wikipedia.org/wiki/CBF-FM-10,0
622,en.wikipedia.org/wiki/CBFT,0
623,en.wikipedia.org/wiki/CBFX-FM,0
624,en.wikipedia.org/wiki/CBM-FM,0
625,en.wikipedia.org/wiki/CBME,0
626,en.wikipedia.org/wiki/CBME-FM,0
627,en.wikipedia.org/wiki/CBMT,0
628,en.wikipedia.org/wiki/CBVE-FM,0
629,en.wikipedia.org/wiki/CBVN,0
630,en.wikipedia.org/wiki/CCDR,0
631,en.wikipedia.org/wiki/CCGS_Louis_S._St-Laurent,0
632,en.wikipedia.org/wiki/CCM_(The_Hockey_Company),0
633,en.wikipedia.org/wiki/CCM_(cycle),0
634,en.wikipedia.org/wiki/CEGEP,0
635,en.wikipedia.org/wiki/CEGEP_de_l%27Outaouais,0
636,en.wikipedia.org/wiki/CFCF,0
637,en.wikipedia.org/wiki/CFCF-TV,0
638,en.wikipedia.org/wiki/CFGA-FM,0
639,en.wikipedia.org/wiki/CFJP-TV,0
640,en.wikipedia.org/wiki/CFKM-DT,0
641,en.wikipedia.org/wiki/CFMB,0
642,en.wikipedia.org/wiki/CFOX,0
643,en.wikipedia.org/wiki/CFOX-FM,0
644,en.wikipedia.org/wiki/CFTM-TV,0
645,en.wikipedia.org/wiki/CFTU-TV,0
646,en.wikipedia.org/wiki/CGI_Group,0
647,en.wikipedia.org/wiki/CHMP-FM,0
648,en.wikipedia.org/wiki/CHOM,0
649,en.wikipedia.org/wiki/CHOM-FM,0
650,en.wikipedia.org/wiki/CHOU_(AM),0
651,en.wikipedia.org/wiki/CHYC-FM,0
652,en.wikipedia.org/wiki/CIBC_Development,0
653,en.wikipedia.org/wiki/CIEL-FM,0
654,en.wikipedia.org/wiki/CIEL-FM-4,0
655,en.wikipedia.org/wiki/CINF,0
656,en.wikipedia.org/wiki/CINQ-FM,0
657,en.wikipedia.org/wiki/CINW,0
658,en.wikipedia.org/wiki/CISM,0
659,en.wikipedia.org/wiki/CISM-FM,0
660,en.wikipedia.org/wiki/CITE-FM,0
661,en.wikipedia.org/wiki/CITE-FM-1,0
662,en.wikipedia.org/wiki/CJAD,0
663,en.wikipedia.org/wiki/CJFM-FM,0
664,en.wikipedia.org/wiki/CJLO,0
665,en.wikipedia.org/wiki/CJMS,0
666,en.wikipedia.org/wiki/CJMS_(defunct),0
667,en.wikipedia.org/wiki/CJNT-TV,0
668,en.wikipedia.org/wiki/CJPX-FM,0
669,en.wikipedia.org/wiki/CJRS,0
670,en.wikipedia.org/wiki/CJWI,0
671,en.wikipedia.org/wiki/CKDG-FM,0
672,en.wikipedia.org/wiki/CKGM,0
673,en.wikipedia.org/wiki/CKIA-FM,0
674,en.wikipedia.org/wiki/CKLX-FM,0
675,en.wikipedia.org/wiki/CKMF-FM,0
676,en.wikipedia.org/wiki/CKMI-TV,0
677,en.wikipedia.org/wiki/CKOI,0
678,en.wikipedia.org/wiki/CKUT-FM,0
679,en.wikipedia.org/wiki/CMC_Electronics,0
680,en.wikipedia.org/wiki/CMSU_Multipurpose_Building,0
681,en.wikipedia.org/wiki/CONCACAF_Champions_League_2008%E2%80%9309_Championship_Round,0
682,en.wikipedia.org/wiki/CONCACAF_Champions_League_2008%E2%80%9309_Preliminary_Round,0
683,en.wikipedia.org/wiki/CONCACAF_Champions_League_2008%E2%80%9309_group_stage,0
684,en.wikipedia.org/wiki/CONCACAF_Champions_League_2008-09,0
685,en.wikipedia.org/wiki/CONCACAF_Gold_Cup,0
686,en.wikipedia.org/wiki/CPC_Gangbangs,0
687,en.wikipedia.org/wiki/Cabot_Square,0
688,en.wikipedia.org/wiki/Cacao_nibs,0
689,en.wikipedia.org/wiki/Cadavres,0
690,en.wikipedia.org/wiki/Cadbury%27s_(Brand_of_yummy_chocolate),0
691,en.wikipedia.org/wiki/Cadbury_Schweppes,0
692,en.wikipedia.org/wiki/Cadena,0
693,en.wikipedia.org/wiki/Cadillac_(Montreal_Metro),0
694,en.wikipedia.org/wiki/Cadjehoun_Airport,0
695,en.wikipedia.org/wiki/Cadogan,0
696,en.wikipedia.org/wiki/Cady_McClain,0
697,en.wikipedia.org/wiki/Cairine_Wilson,0
698,en.wikipedia.org/wiki/Cairine_Wilson_Secondary_School,0
699,en.wikipedia.org/wiki/Cairo_Time,0
700,en.wikipedia.org/wiki/Caitlin,0
701,en.wikipedia.org/wiki/Caitlin_Sierra_Mallory,0
702,en.wikipedia.org/wiki/Caldecott_Tunnel,0
703,en.wikipedia.org/wiki/Caldecott_Tunnel_fire,0
704,en.wikipedia.org/wiki/Caleb_Carr,0
705,en.wikipedia.org/wiki/Calen_Carr,0
706,en.wikipedia.org/wiki/Cali_(surname),0
707,en.wikipedia.org/wiki/Cali_Timmins,0
708,en.wikipedia.org/wiki/California,0
709,en.wikipedia.org/wiki/California_Association_of_Student_Councils,0
710,en.wikipedia.org/wiki/California_College_of_the_Arts,0
711,en.wikipedia.org/wiki/California_Golden_Seals,0
712,en.wikipedia.org/wiki/California_Healthcare_Foundation,0
713,en.wikipedia.org/wiki/California_Healthcare_Institute,0
714,en.wikipedia.org/wiki/California_School_of_Podiatric_Medicine,0
715,en.wikipedia.org/wiki/California_State_Assembly,0
716,en.wikipedia.org/wiki/California_State_Assembly_districts,0
717,en.wikipedia.org/wiki/California_State_Route_1,0
718,en.wikipedia.org/wiki/California_State_Route_123,0
719,en.wikipedia.org/wiki/California_State_Route_13,0
720,en.wikipedia.org/wiki/California_State_Route_185,0
721,en.wikipedia.org/wiki/California_State_Route_24,0
722,en.wikipedia.org/wiki/California_State_Route_61,0
723,en.wikipedia.org/wiki/California_State_Route_99,0
724,en.wikipedia.org/wiki/California_State_Senate,0
725,en.wikipedia.org/wiki/California_State_Senate_Districts,0
726,en.wikipedia.org/wiki/California_and_Nevada_Railroad,0
727,en.wikipedia.org/wiki/Call_screener,0
728,en.wikipedia.org/wiki/Calliari,0
729,en.wikipedia.org/wiki/Calvary_Bible_College,0
730,en.wikipedia.org/wiki/Calvary_Chapel_Bible_College,0
731,en.wikipedia.org/wiki/Calvin_Trillin,0
732,en.wikipedia.org/wiki/Cam_Clarke,0
733,en.wikipedia.org/wiki/Cam_Woods,0
734,en.wikipedia.org/wiki/Camacho,0
735,en.wikipedia.org/wiki/Cambridge_Spies,0
736,en.wikipedia.org/wiki/Camera_obscura,0
737,en.wikipedia.org/wiki/Cameron_Dye,0
738,en.wikipedia.org/wiki/Camille_Dagenais,0
739,en.wikipedia.org/wiki/Camille_Tourville,0
740,en.wikipedia.org/wiki/Camillien_Houde,0
741,en.wikipedia.org/wiki/Camp_Fire_USA,0
742,en.wikipedia.org/wiki/Camp_Massad_(Montreal),0
743,en.wikipedia.org/wiki/Camp_Massad_(Poconos),0
744,en.wikipedia.org/wiki/Campeau,0
745,en.wikipedia.org/wiki/Can%27t_Hold_Us_Down,0
746,en.wikipedia.org/wiki/Can%27t_Nobody_Hold_Me_Down,0
747,en.wikipedia.org/wiki/Can%27t_Take_That_Away_(Mariah%27s_Theme),0
748,en.wikipedia.org/wiki/Canada,0
749,en.wikipedia.org/wiki/Canada_3000,0
750,en.wikipedia.org/wiki/Canada_Bill_Jones,0
751,en.wikipedia.org/wiki/Canada_First_Defence_Strategy,0
752,en.wikipedia.org/wiki/Canada_Vignettes,0
753,en.wikipedia.org/wiki/Canada_at_the_1936_Summer_Olympics,0
754,en.wikipedia.org/wiki/Canada_at_the_1960_Summer_Olympics,0
755,en.wikipedia.org/wiki/Canadawide_Flowers,0
756,en.wikipedia.org/wiki/Canadian_Affair,0
757,en.wikipedia.org/wiki/Canadian_Afghan_detainee_issue,0
758,en.wikipedia.org/wiki/Canadian_Auto_Workers,0
759,en.wikipedia.org/wiki/Canadian_Broadcasting_Centre,0
760,en.wikipedia.org/wiki/Canadian_Centre_for_Architecture,0
761,en.wikipedia.org/wiki/Canadian_Championship,0
762,en.wikipedia.org/wiki/Canadian_Council_on_Africa,0
763,en.wikipedia.org/wiki/Canadian_Grand_Prix,0
764,en.wikipedia.org/wiki/Canadian_Grenadier_Guards,0
765,en.wikipedia.org/wiki/Canadian_Grenadier_Guards_Band,0
766,en.wikipedia.org/wiki/Canadian_House_of_Commons,0
767,en.wikipedia.org/wiki/Canadian_Mothercraft_Society,0
768,en.wikipedia.org/wiki/Canadian_National_Challenge_Cup,0
769,en.wikipedia.org/wiki/Canadian_National_Railway,0
770,en.wikipedia.org/wiki/Canadian_Office_and_Professional_Employees_Union,0
771,en.wikipedia.org/wiki/Canadian_Pacific_Air_Lines,0
772,en.wikipedia.org/wiki/Canadian_Pacific_Railway,0
773,en.wikipedia.org/wiki/Canadian_Regional_Airlines,0
774,en.wikipedia.org/wiki/Canadian_Sleep_Society,0
775,en.wikipedia.org/wiki/Canadian_Unitarian_Council,0
776,en.wikipedia.org/wiki/Canadian_federal_election_results_in_Central_Quebec,0
777,en.wikipedia.org/wiki/Canadian_federal_election_results_in_Eastern_Montreal,0
778,en.wikipedia.org/wiki/Canadian_federal_election_results_in_Mont%C3%A9r%C3%A9gie,0
779,en.wikipedia.org/wiki/Canadian_federal_election_results_in_Northern_Montreal_and_Laval,0
780,en.wikipedia.org/wiki/Canadians_of_Syrian_ancestry,0
781,en.wikipedia.org/wiki/Canal_D,0
782,en.wikipedia.org/wiki/Canal_Famille,0
783,en.wikipedia.org/wiki/Canal_Indigo,0
784,en.wikipedia.org/wiki/Canal_Vie,0
785,en.wikipedia.org/wiki/Candeal,0
786,en.wikipedia.org/wiki/Candy_Samples,0
787,en.wikipedia.org/wiki/Canned_Heat_(album),0
788,en.wikipedia.org/wiki/Cantonese,0
789,en.wikipedia.org/wiki/Cantonese_cuisine,0
790,en.wikipedia.org/wiki/Cap-Saint-Jacques_Nature_Park,0
791,en.wikipedia.org/wiki/Cap_Boso,0
792,en.wikipedia.org/wiki/Capital_Bars,0
793,en.wikipedia.org/wiki/Capital_Bars_plc,0
794,en.wikipedia.org/wiki/Capital_Power_Corporation,0
795,en.wikipedia.org/wiki/Capital_Punishment,0
796,en.wikipedia.org/wiki/Capitol,0
797,en.wikipedia.org/wiki/Capitol_Corridor,0
798,en.wikipedia.org/wiki/Capitol_Limited_(Amtrak_train),0
799,en.wikipedia.org/wiki/Capricornus,0
800,en.wikipedia.org/wiki/Captain_America,0
801,en.wikipedia.org/wiki/Captain_America:_The_First_Avenger,0
802,en.wikipedia.org/wiki/Captain_Teague,0
803,en.wikipedia.org/wiki/Carbonic_acid_gas,0
804,en.wikipedia.org/wiki/Cardiac_Arrest_(TV_series),0
805,en.wikipedia.org/wiki/Cardiac_arrest,0
806,en.wikipedia.org/wiki/Cardiff,0
807,en.wikipedia.org/wiki/Carette,0
808,en.wikipedia.org/wiki/Caribou_(drink),0
809,en.wikipedia.org/wiki/Carl_Froch,0
810,en.wikipedia.org/wiki/Carl_Froch_vs._Andre_Ward,0
811,en.wikipedia.org/wiki/Carl_Goldenberg,0
812,en.wikipedia.org/wiki/Carl_Johan_Grimmark,0
813,en.wikipedia.org/wiki/Carl_Morton,0
814,en.wikipedia.org/wiki/Carl_Ouelette,0
815,en.wikipedia.org/wiki/Carl_Ouellet,0
816,en.wikipedia.org/wiki/Carl_Potts,0
817,en.wikipedia.org/wiki/Carl_Theodor_Dreyer,0
818,en.wikipedia.org/wiki/Carl_Zamloch,0
819,en.wikipedia.org/wiki/Carla_Bley,0
820,en.wikipedia.org/wiki/Carla_Espinosa,0
821,en.wikipedia.org/wiki/Carla_White,0
822,en.wikipedia.org/wiki/Carleton_G._Young,0
823,en.wikipedia.org/wiki/Carleton_Young,0
824,en.wikipedia.org/wiki/Carlo_D%27Este,0
825,en.wikipedia.org/wiki/Carlo_Gesualdo,0
826,en.wikipedia.org/wiki/Carlo_Petrini,0
827,en.wikipedia.org/wiki/Carlo_Rossi,0
828,en.wikipedia.org/wiki/Carlo_Rossi_(politician),0
829,en.wikipedia.org/wiki/Carnegie_Hall,0
830,en.wikipedia.org/wiki/Carol_Foreman,0
831,en.wikipedia.org/wiki/Carol_Reed,0
832,en.wikipedia.org/wiki/Carol_Vadnais,0
833,en.wikipedia.org/wiki/Carole_Lavall%C3%A9e,0
834,en.wikipedia.org/wiki/Carole_Ward_Allen,0
835,en.wikipedia.org/wiki/Caroline_Dhavernas,0
836,en.wikipedia.org/wiki/Caroline_Ouellette,0
837,en.wikipedia.org/wiki/Caroline_Rhea,0
838,en.wikipedia.org/wiki/Carolyn_Johnson,0
839,en.wikipedia.org/wiki/Carrie_Finlay,0
840,en.wikipedia.org/wiki/Carriere,0
841,en.wikipedia.org/wiki/Carroll_Yerkes,0
842,en.wikipedia.org/wiki/Cartierville,0
843,en.wikipedia.org/wiki/Cartoon_KAT-TUN,0
844,en.wikipedia.org/wiki/Cartoon_KAT-TUN_II_You,0
845,en.wikipedia.org/wiki/Cartoon_Network,0
846,en.wikipedia.org/wiki/Cartoon_Network_Studios,0
847,en.wikipedia.org/wiki/Cary_Elwes,0
848,en.wikipedia.org/wiki/Cary_Fukunaga,0
849,en.wikipedia.org/wiki/Cary_Lawrence,0
850,en.wikipedia.org/wiki/Caryl_Lincoln,0
851,en.wikipedia.org/wiki/Casa_(TV_channel),0
852,en.wikipedia.org/wiki/Casa_del_Popolo,0
853,en.wikipedia.org/wiki/Casey_McKinnon,0
854,en.wikipedia.org/wiki/Casey_Merrill,0
855,en.wikipedia.org/wiki/Casey_Stengel,0
856,en.wikipedia.org/wiki/Casey_Stengel_(Sherbell),0
857,en.wikipedia.org/wiki/Casino_de_Charlevoix,0
858,en.wikipedia.org/wiki/Casino_de_Montr%C3%A9al,0
859,en.wikipedia.org/wiki/Cass_Elliot,0
860,en.wikipedia.org/wiki/Cass_Fox,0
861,en.wikipedia.org/wiki/Cass_Sunstein,0
862,en.wikipedia.org/wiki/Cassettes,0
863,en.wikipedia.org/wiki/Cassia_bark,0
864,en.wikipedia.org/wiki/Castner%27s_Cutthroats,0
865,en.wikipedia.org/wiki/Casual_(rapper),0
866,en.wikipedia.org/wiki/Cat_Cora,0
867,en.wikipedia.org/wiki/Catch_a_Fire,0
868,en.wikipedia.org/wiki/Catch_a_Fire_(film),0
869,en.wikipedia.org/wiki/Category:1294_births,0
870,en.wikipedia.org/wiki/Category:1328_deaths,0
871,en.wikipedia.org/wiki/Category:1466_births,0
872,en.wikipedia.org/wiki/Category:14th-century_French_people,0
873,en.wikipedia.org/wiki/Category:1500s_births,0
874,en.wikipedia.org/wiki/Category:15th-century_French_people,0
875,en.wikipedia.org/wiki/Category:15th-century_Roman_Catholic_archbishops,0
876,en.wikipedia.org/wiki/Category:16th-century_births,0
877,en.wikipedia.org/wiki/Category:1750_in_economics,0
878,en.wikipedia.org/wiki/Category:1804_deaths,0
879,en.wikipedia.org/wiki/Category:1819_births,0
880,en.wikipedia.org/wiki/Category:1840_architecture,0
881,en.wikipedia.org/wiki/Category:1844_births,0
882,en.wikipedia.org/wiki/Category:1870s_novels,0
883,en.wikipedia.org/wiki/Category:1873_novels,0
884,en.wikipedia.org/wiki/Category:1894_births,0
885,myspace.com/maratremblay/stream,0
886,myspace.com/marcelcoenen,0
887,myspace.com/marceldettmann,0
888,myspace.com/marco_cipo,0
889,myspace.com/marcocalliari/music,0
890,myspace.com/marcodosantos,0
891,myspace.com/marcogalliilcapitano,0
892,myspace.com/marcus23and81,0
893,myspace.com/marcusfoster,0
894,myspace.com/marcusfoster/music,0
895,myspace.com/marcusjensen,0
896,myspace.com/marcusolsson2,0
897,myspace.com/margolismethod,0
898,myspace.com/margueritesongs,0
899,myspace.com/marieelainethibert,0
900,myspace.com/marieelainethibertvip/videos,0
901,myspace.com/mariopoletti,0
902,myspace.com/marisonline,0
903,myspace.com/markagreenberg,0
904,myspace.com/markbergman,0
905,myspace.com/markbergmancomposer,0
906,myspace.com/markcurry,0
907,myspace.com/markhallen,0
908,myspace.com/markkelso,0
909,myspace.com/markruark,0
910,myspace.com/marksultan,0
911,myspace.com/martaloza,0
912,myspace.com/martinhoule,0
913,myspace.com/martinlavallee,0
914,myspace.com/martystuart,0
915,myspace.com/martywillsonpiper,0
916,myspace.com/marvingaye70s,0
917,myspace.com/marvingayemotown/music/songs/distant-lover-145611,0
918,myspace.com/maryse_,0
919,myspace.com/maryseouelletfrenchkiss,0
920,myspace.com/maryshapiromusic,0
921,myspace.com/mashmakhann,0
922,myspace.com/maskandcape,0
923,myspace.com/mason_03,0
924,myspace.com/massimofranchini,0
925,myspace.com/mastakilla,0
926,myspace.com/mathieuferland,0
927,myspace.com/mathieug,0
928,myspace.com/mathisforsheriff,0
929,myspace.com/matt_gustafson,0
930,myspace.com/matthewcwhitaker,0
931,myspace.com/matthewryanmoss,0
932,myspace.com/matthuffmanmusic,0
933,myspace.com/mattwertz,0
934,myspace.com/mattwertz/music,0
935,myspace.com/maurice_jones_drew,0
936,myspace.com/maurice_jones_drew_32,0
937,myspace.com/mauricebenard,0
938,myspace.com/maxbaerjr,0
939,myspace.com/mayorfargo,0
940,myspace.com/mazebanda,0
941,myspace.com/mbusby,0
942,myspace.com/mc_hammer,0
943,myspace.com/mcginleyd,0
944,myspace.com/mecha_bsu,0
945,myspace.com/mediaman06,0
946,myspace.com/megafaun,0
947,myspace.com/meganmarshallplays,0
948,myspace.com/megannellmarshall,0
949,myspace.com/mel0racreager,0
950,myspace.com/melamorgan,0
951,myspace.com/melaniejrojas,0
952,myspace.com/meldrumrocks,0
953,myspace.com/melissa_in_bermuda,0
954,myspace.com/melissavaughan,0
955,myspace.com/meloracreager,0
956,myspace.com/melvindavisdetroit,0
957,myspace.com/memomandmorgentaler,0
958,myspace.com/memorythieves/stream,0
959,myspace.com/menwithouthatsrules,0
960,myspace.com/merceyhotsprings,0
961,myspace.com/meskfour,0
962,myspace.com/metalbladecanada,0
963,myspace.com/metalchallenger,0
964,myspace.com/metalchick02,0
965,myspace.com/metalmasterjim,0
966,myspace.com/mhuffman93,0
967,myspace.com/michael_kash,0
968,myspace.com/michaelfranti,0
969,myspace.com/michaelonealband,0
970,myspace.com/micheldorion,0
971,myspace.com/michelerosewoman,0
972,myspace.com/michellemanhart,0
973,myspace.com/michellemanhart/photos,0
974,myspace.com/michellemeldrum,0
975,myspace.com/michelrivard,0
976,myspace.com/miclifensc,0
977,myspace.com/midwesttriplex,0
978,myspace.com/miguelfromoakland,0
979,myspace.com/mikasuper,0
980,myspace.com/mikeakaangel,0
981,myspace.com/mikebannon,0
982,myspace.com/mikecharbonneau,0
983,myspace.com/mikeeldredtrio,0
984,myspace.com/mikehyland,0
985,myspace.com/mikemcgillmusic,0
986,myspace.com/mikeplaysdrums,0
987,myspace.com/mikeruizphotography,0
988,myspace.com/mikeslamer,0
989,myspace.com/mikesmusic120,0
990,myspace.com/mikestorck,0
991,myspace.com/mimi3704,0
992,myspace.com/miniaudiohygiene,0
993,myspace.com/minorleague12/blog/211261921,0
994,myspace.com/miquelbrown,0
995,myspace.com/miranda_richardson,0
996,myspace.com/mirandacosgroveofficial,0
997,myspace.com/mirandajuly,0
998,myspace.com/miss_marilyn_monroe,0
999,myspace.com/missionelite,0
1000,myspace.com/misslatifah,0
1001,myspace.com/missleapfrog,0
1002,myspace.com/missmaggiewilliams,0
1003,myspace.com/missmahoganysoul,0
1004,myspace.com/missouriband,0
1005,myspace.com/missouritimepieceband,0
1006,myspace.com/misstressbarbara,0
1007,myspace.com/misstressbarbara/music,0
1008,myspace.com/missy_peregrym_fanmyspace,0
1009,myspace.com/mitchellmclennan,0
1010,myspace.com/mixerphilly1,0
1011,myspace.com/mizz_lalaine,0
1012,myspace.com/mjsdrums,0
1013,myspace.com/mlc45840,0
1014,myspace.com/mobile,0
1015,myspace.com/moetarmusic,0
1016,myspace.com/mommyiggy,0
1017,myspace.com/monalisah,0
1018,myspace.com/monstermusicandmovies,0
1019,myspace.com/montagmania,0
1020,myspace.com/montrealjubilationgospelchoir,0
1021,myspace.com/monzeroldanny,0
1022,myspace.com/moonwalking_is_freedom,0
1023,myspace.com/morganheritage,0
1024,myspace.com/morreen,0
1025,myspace.com/morrisdayandtheetime/music/albums/it-s-about-time-6061,0
